Tier,Base E[item],Active E[item],Δ E[item],Δ %
Magic,0.000000,0.000000,0.000000,0.00
Rare,4.000000,4.000000,0.000000,0.00
Epic,4.000000,4.000000,0.000000,0.00
Legendary,4.000000,4.000000,0.000000,0.00
Mythic,4.000000,4.000000,0.000000,0.00
Total,16.000000,16.000000,0.000000,0.00
